date,day_of_week,platform,content_type,topic,caption,hashtags,status,engagement_notes
2026-04-01,Wednesday,LinkedIn,Text Post,Q2 Kickoff,Q2 is here. Our three focus areas: product velocity — customer success — strategic partnerships. Here is how we are thinking about each one and what it means for our customers.,#SaaS #Q2Goals #StartupLife #AI #BusinessGrowth,Scheduled,
2026-04-02,Thursday,Twitter/X,Thread,AI in Logistics,Thread: 5 ways AI is transforming logistics data validation in 2026. Number 1 will save your ops team 12 hours per week.,#AI #Logistics #SupplyChain #Automation #DataValidation,Scheduled,
2026-04-03,Friday,Instagram,Carousel,Team Culture,Behind the scenes at Mind Vault AI — meet the team building the future of logistics intelligence. Swipe to see our remote-first culture in action.,#TeamCulture #RemoteWork #StartupLife #TechTeam #BehindTheScenes,Scheduled,
2026-04-05,Saturday,LinkedIn,Article,Industry Insight,Why 73% of logistics companies still rely on manual data validation — and what the top 27% do differently. A deep dive into the data.,#Logistics #DataQuality #DigitalTransformation #SupplyChain,Scheduled,
2026-04-07,Monday,Twitter/X,Poll,Feature Priority,What is your biggest logistics data challenge? A) Duplicate entries B) Format inconsistencies C) Missing fields D) Integration errors. Vote below.,#Logistics #ProductDev #CustomerFirst #DataManagement,Scheduled,
2026-04-08,Tuesday,LinkedIn,Case Study,Customer Success,How LogiCorp reduced data errors by 94% and saved 680 hours annually with automated validation. Full case study in comments.,#CaseStudy #ROI #Logistics #AI #Automation #CustomerSuccess,Scheduled,
2026-04-09,Wednesday,Instagram,Reel,Product Demo,60-second demo: Watch how our bulk import feature processes 10000 records with instant validation. No more manual checking.,#ProductDemo #SaaS #Automation #TechDemo #AI,Scheduled,
2026-04-10,Thursday,LinkedIn,Text Post,Thought Leadership,Unpopular opinion: Most logistics companies do not have a technology problem. They have a data quality problem. Technology just makes it visible faster.,#DataQuality #Logistics #Leadership #SupplyChain #Opinion,Scheduled,
2026-04-12,Saturday,Twitter/X,Infographic,Industry Stats,Infographic: The true cost of bad logistics data. 15% revenue leakage — 23 hours per week manual fixing — 3.2x higher customer complaints. Time to fix it.,#Infographic #DataQuality #Logistics #SupplyChain #Stats,Scheduled,
2026-04-14,Monday,LinkedIn,Video,Founder Story,2 years ago I was manually validating shipping data in spreadsheets at 2am. That frustration became Mind Vault AI. Here is the story of why I built Connexx.,#FounderStory #Startup #Entrepreneurship #AI #BuildInPublic,Scheduled,
2026-04-15,Tuesday,Twitter/X,Text Post,Product Update,Just shipped: Real-time webhook notifications. Get instant alerts when validation catches issues in your data pipeline. Details in thread.,#ProductUpdate #SaaS #API #Webhooks #DevTools,Scheduled,
2026-04-16,Wednesday,Instagram,Story Series,Day in the Life,A day in the life of our lead engineer — from morning standup to deploying production code. 8 stories showing how we build Connexx.,#DayInTheLife #Engineering #StartupLife #TechCulture #DevLife,Scheduled,
2026-04-17,Thursday,LinkedIn,Carousel,Best Practices,5 data validation rules every logistics company should implement today. Slide 5 alone could save you 200 hours per year.,#BestPractices #DataValidation #Logistics #Tips #Efficiency,Scheduled,
2026-04-19,Saturday,Twitter/X,Thread,Lean Six Sigma,Thread: How we applied DMAIC methodology to our own product development process. The results surprised us. Defect rate down 67%.,#LeanSixSigma #DMAIC #ProcessImprovement #Quality #Startup,Scheduled,
2026-04-21,Monday,LinkedIn,Text Post,Hiring,We are hiring a senior Python engineer who is passionate about data quality and logistics. Remote-first — async culture — real impact. DM me or link in comments.,#Hiring #PythonDeveloper #RemoteJobs #TechJobs #Startup,Scheduled,
2026-04-22,Tuesday,Instagram,Carousel,Customer Testimonial,What our customers say — real quotes from real logistics professionals using Connexx daily. Swipe for 6 testimonials that made our week.,#CustomerLove #Testimonials #SaaS #LogisticsTech #Reviews,Scheduled,
2026-04-23,Wednesday,Twitter/X,Text Post,Industry News,New EU supply chain regulations dropping in Q3. Here is what it means for your data compliance requirements and how to prepare now.,#EURegulations #SupplyChain #Compliance #DataGovernance #Logistics,Scheduled,
2026-04-24,Thursday,LinkedIn,Article,Technical Deep Dive,How we handle 50000 concurrent validations with SQLite and smart architecture. Sometimes the simple solution beats the complex one.,#Architecture #TechBlog #SQLite #Performance #Engineering,Scheduled,
2026-04-26,Saturday,Instagram,Reel,Quick Tip,Quick tip: The three fields most commonly missing in logistics data and how to set up automatic detection in under 2 minutes.,#QuickTip #DataTips #Logistics #Automation #SaaSTip,Scheduled,
2026-04-28,Monday,LinkedIn,Text Post,Milestone,1000 companies now trust Connexx for their logistics data validation. From 0 to 1000 in 18 months. Thank you to every customer who took a chance on us.,#Milestone #Growth #SaaS #CustomerFirst #Gratitude #Startup,Scheduled,
2026-04-29,Tuesday,Twitter/X,Thread,Unit Economics,Thread: Our actual unit economics after 18 months. MRR — CAC — LTV — churn. Full transparency because founders deserve real numbers.,#BuildInPublic #UnitEconomics #SaaS #Transparency #StartupMetrics,Scheduled,
2026-04-30,Wednesday,LinkedIn,Video,Product Roadmap,Q2 product roadmap reveal: API v2 — advanced dashboards — multi-language support. Here is what is coming and why we chose these priorities.,#ProductRoadmap #SaaS #Innovation #CustomerDriven #AI,Scheduled,
2026-05-01,Thursday,Instagram,Carousel,Company Values,The 5 values that drive every decision at Mind Vault AI. Value 3 — Ship fast but never ship broken — changed how we think about quality.,#CompanyValues #Culture #Startup #Mission #TeamValues,Draft,
2026-05-03,Saturday,Twitter/X,Text Post,Weekend Read,Weekend read: Why data validation is the unsexy infrastructure that makes or breaks logistics companies. Blog post link in reply.,#WeekendRead #DataValidation #Logistics #TechBlog #Infrastructure,Draft,
2026-05-05,Monday,LinkedIn,Case Study,ROI Analysis,DataBridge International: 340% ROI in 6 months. Here is exactly how they measured it and what surprised them most about the results.,#CaseStudy #ROI #Logistics #AI #DataValidation #Results,Draft,
2026-05-06,Tuesday,Instagram,Reel,Feature Highlight,Feature spotlight: Custom validation rules. Build exactly the checks your business needs in our no-code rule builder. Watch the 45-second walkthrough.,#FeatureSpotlight #NoCode #SaaS #ProductDemo #CustomRules,Draft,
2026-05-07,Wednesday,Twitter/X,Poll,Industry Trends,Which logistics technology trend will have the biggest impact in 2026-2027? A) AI validation B) Real-time tracking C) Predictive analytics D) Autonomous delivery,#Poll #LogisticsTrends #FutureTech #AI #SupplyChain,Draft,
2026-05-08,Thursday,LinkedIn,Text Post,Partnership,Excited to announce our integration partnership with ERP Connect. Connexx validation now works natively inside your existing ERP workflow.,#Partnership #Integration #ERP #Logistics #SaaS #Announcement,Draft,
2026-05-10,Saturday,Instagram,Story Series,Office Tour,Virtual office tour — yes we are remote-first but here is a peek at our team members workspaces from 5 different countries. Spot the standing desk trend.,#OfficeTour #RemoteWork #GlobalTeam #WorkFromAnywhere #StartupLife,Draft,
2026-05-12,Monday,LinkedIn,Article,Market Analysis,The 2026 logistics technology landscape: Where AI validation fits and why the market is growing 34% year over year. Full analysis with sources.,#MarketAnalysis #LogisticsTech #AI #IndustryReport #Growth,Draft,
