objective,key_result,target,current,progress_pct,owner,quarter,status,last_updated,notes
Accelerate revenue growth to reach Series A readiness,Increase MRR from 25K to 50K,50000,35800,62,CEO,Q2 2026,On Track,2026-03-20,Strong pipeline; enterprise deals closing faster
Accelerate revenue growth to reach Series A readiness,Close 3 enterprise contracts (>5K MRR each),3,1,33,VP Sales,Q2 2026,At Risk,2026-03-18,2 in late-stage negotiation - need executive push
Accelerate revenue growth to reach Series A readiness,Reduce CAC below 600 through organic channels,600,610,97,CMO,Q2 2026,On Track,2026-03-21,Content SEO strategy delivering 40% of leads organically
Build a world-class product experience,Achieve NPS score of 55+,55,52,85,VP Product,Q2 2026,On Track,2026-03-15,New onboarding flow increased activation by 22%
Build a world-class product experience,Reduce time-to-value below 15 minutes for new users,15,18,73,VP Product,Q2 2026,At Risk,2026-03-19,Interactive tutorial in development - launch ETA April 5
Build a world-class product experience,Ship 3 most-requested features from customer feedback,3,2,67,CTO,Q2 2026,On Track,2026-03-22,API v2 and bulk import shipped; advanced reporting in QA
Scale operations for 10x growth,Achieve 99.95% platform uptime,99.95,99.95,100,CTO,Q2 2026,Completed,2026-03-23,Auto-scaling and redundancy fully deployed
Scale operations for 10x growth,Automate 80% of customer onboarding steps,80,55,69,VP Product,Q2 2026,On Track,2026-03-20,Self-serve provisioning live; automated compliance checks next
Scale operations for 10x growth,Hire 4 key roles (2 eng + 1 sales + 1 CS),4,2,50,HR Lead,Q2 2026,At Risk,2026-03-17,2 engineers started; sales candidate in final round; CS posting live
Establish thought leadership in AI-powered logistics,Publish 12 high-quality blog posts / case studies,12,7,58,CMO,Q2 2026,On Track,2026-03-21,3 case studies with named customers performing very well
Establish thought leadership in AI-powered logistics,Secure 3 speaking slots at industry conferences,3,1,33,CEO,Q2 2026,At Risk,2026-03-14,Logistics Summit confirmed; applied to 4 more - follow up needed
Establish thought leadership in AI-powered logistics,Grow LinkedIn company page followers to 5000,5000,3200,64,CMO,Q2 2026,On Track,2026-03-22,Employee advocacy program driving 30% of new followers
