phase,task_number,task,description,owner,start_date,due_date,status,deliverable,completion_pct,notes
Define,D1,Create Project Charter,"Define business case, problem statement, goal statement, scope, timeline, and team roles",Project Lead,2026-04-01,2026-04-05,Completed,Project Charter Document,100,"Order fulfillment error rate at 8.3% vs target of 2%; estimated annual cost of errors: EUR 145K"
Define,D2,Identify Stakeholders,"Map all stakeholders affected by order fulfillment process; document their requirements and expectations",Project Lead,2026-04-02,2026-04-04,Completed,Stakeholder Matrix,100,"Key stakeholders: Warehouse Mgr, CS Lead, Logistics Director, IT Lead, 3 key customers"
Define,D3,Define CTQ Requirements,"Translate Voice of Customer into Critical-to-Quality characteristics with measurable specifications",Quality Analyst,2026-04-03,2026-04-07,Completed,CTQ Tree,100,"CTQs: Order accuracy >98%, Delivery time <48h, Damage rate <0.5%, Label accuracy 100%"
Define,D4,Create SIPOC Diagram,"Map high-level process: Suppliers, Inputs, Process steps, Outputs, Customers",Process Engineer,2026-04-04,2026-04-07,Completed,SIPOC Diagram,100,12 major process steps identified from order receipt to delivery confirmation
Measure,M1,Develop Data Collection Plan,"Define what data to collect, how, sample size, and measurement system analysis approach",Quality Analyst,2026-04-08,2026-04-11,Completed,Data Collection Plan,100,"30 days of order data; 100% capture of errors; categorized by type, shift, product line"
Measure,M2,Validate Measurement System,"Perform Gage R&R or attribute agreement analysis to ensure measurement reliability",Quality Analyst,2026-04-10,2026-04-15,Completed,MSA Report,100,"Attribute agreement: 94% between inspectors after calibration training"
Measure,M3,Collect Baseline Data,"Gather current process performance data per the collection plan over 30-day period",Data Analyst,2026-04-12,2026-05-12,Completed,Baseline Dataset,100,"4,832 orders processed; 401 errors found; 8.3% error rate confirmed"
Measure,M4,Calculate Process Capability,"Determine current sigma level, Cp, Cpk; establish baseline performance metrics",Quality Analyst,2026-05-13,2026-05-16,Completed,Process Capability Report,100,"Current sigma level: 2.9; Cp: 0.72; Cpk: 0.68; DPMO: 83,000"
Analyze,A1,Perform Pareto Analysis,"Identify vital few error categories using Pareto chart (80/20 rule)",Data Analyst,2026-05-17,2026-05-20,Completed,Pareto Chart,100,"Top 3 error types account for 78%: wrong SKU picked (34%), incorrect qty (26%), wrong address label (18%)"
Analyze,A2,Create Process Map (Value Stream),"Detailed current-state value stream map with cycle times, wait times, rework loops",Process Engineer,2026-05-17,2026-05-22,Completed,Value Stream Map,100,"Total lead time: 6.2 hours; Value-added time: 1.8 hours; VA ratio: 29%"
Analyze,A3,Root Cause Analysis,"Use fishbone diagram, 5-Why analysis, and statistical testing to identify root causes",Quality Analyst,2026-05-21,2026-05-28,Completed,RCA Report,100,"Root causes: manual pick lists (no barcode scan), shift handover gaps, outdated SKU database, poor bin labeling"
Analyze,A4,Validate Root Causes with Data,"Hypothesis testing, regression analysis, chi-square tests to statistically confirm root causes",Data Analyst,2026-05-25,2026-05-30,Completed,Statistical Analysis,100,"Night shift error rate 12.1% vs day shift 5.8% (p<0.001); manual picks 4x more errors than scanned"
Improve,I1,Generate Improvement Solutions,"Brainstorm and evaluate solutions using impact/effort matrix; select top improvements",Full Team,2026-06-01,2026-06-05,Completed,Solution Selection Matrix,100,"Selected: barcode scanning system, real-time SKU sync, digital shift handover checklist, bin relabeling"
Improve,I2,Pilot Barcode Scanning System,"Implement handheld scanner validation at pick station in Zone A as pilot",IT Lead,2026-06-06,2026-06-20,Completed,Pilot Results Report,100,"Zone A error rate dropped from 8.3% to 1.9% during 2-week pilot; ROI positive in 4 months"
Improve,I3,Implement Full Solution Rollout,"Deploy all selected improvements across all warehouse zones and shifts",Process Engineer,2026-06-21,2026-07-15,In Progress,Implementation Report,65,"Zones A and B complete; Zone C in progress; digital handover checklist live for all shifts"
Improve,I4,Validate Improvements,"Measure post-improvement performance; compare to baseline using statistical tests",Quality Analyst,2026-07-10,2026-07-20,Not Started,Validation Report,0,Scheduled after full rollout completion
Control,C1,Create Control Plan,"Document control methods for each critical X; define response plans for out-of-control conditions",Quality Analyst,2026-07-21,2026-07-28,Not Started,Control Plan Document,0,Will include SPC charts for daily error rate monitoring
Control,C2,Implement Control Charts,"Set up real-time SPC dashboards for error rate, pick accuracy, and delivery time",Data Analyst,2026-07-25,2026-08-01,Not Started,SPC Dashboard,0,Connexx platform will host automated control charts
Control,C3,Standardize and Document,"Update SOPs, create training materials, document new process standards",Process Engineer,2026-07-28,2026-08-05,Not Started,Updated SOPs + Training Pack,0,Include video walkthroughs for scanner system and handover process
Control,C4,Project Closure and Handover,"Final report, lessons learned, ROI calculation, handover to process owners",Project Lead,2026-08-05,2026-08-10,Not Started,Final Project Report,0,"Target: error rate <2%, annual savings >EUR 120K, sigma level >4.0"
